{"0": {"mean": 1.0, "std": 0.0}, "2": {"mean": 0.8306878306878307, "std": 0.15002589289690813}, "4": {"mean": 0.9333333333333332, "std": 0.11547005383792526}}