{"gpt-5-mini": {"mean": 0.9466666666666667, "std": 0.01527525231651942}, "o3-mini": {"mean": 0.8366666666666666, "std": 0.011547005383792525}, "gpt-4.1-mini": {"mean": 0.9166666666666666, "std": 0.02081665999466128}, "gpt-4o-mini": {"mean": 0.5233333333333333, "std": 0.005773502691896262}, "gpt-4.1-nano": {"mean": 0.7799999999999999, "std": 0.01732050807568879}}